﻿,商品,销量,标签
0,怡宝纯净水,531,热销
1,东鹏特饮,448,热销
2,阿萨姆奶茶,326,热销
3,脉动,309,热销
4,营养快线,255,热销
5,统一冰红茶,228,热销
6,250ml维他柠檬茶,181,热销
7,250ml维他原味豆奶,176,热销
8,红牛,166,热销
9,统一绿茶,151,热销
10,果粒橙,145,热销
11,伊利优酸乳,143,热销
12,145ml旺仔牛奶盒装,131,热销
13,250ml燕塘红枣牛奶,128,热销
14,250ml燕塘甜牛奶,126,热销
15,雪碧（500ml）,123,热销
16,250ml燕塘原味酸奶,112,热销
17,王老吉（500ml）,108,热销
18,银鹭八宝粥,103,热销
19,可口可乐（500ml）,101,热销
20,268ml雀巢咖啡丝滑拿铁,91,热销
21,伊利纯牛奶,90,热销
22,雪碧最新款,78,热销
23,330ml伊利畅意乳酸菌原味,74,热销
24,250ml红牛,71,热销
25,250ml维他奶巧克力味,69,热销
26,450ml美汁源果粒橙,69,热销
27,王老吉（罐）,68,热销
28,雪碧330ml,67,正常
29,500ml统一阿萨姆奶茶,65,正常
30,维他奶,62,正常
31,维他柠檬茶,58,正常
32,怡宝,55,正常
33,可口可乐最新款,55,正常
34,可口可乐330ml,54,正常
35,205g伊利安慕希原味,53,正常
36,600ml脉动青柠,51,正常
37,芬达330ml,47,正常
38,500ml加多宝,44,正常
39,600ml可口可乐,43,正常
40,茉莉蜜茶,42,正常
41,100g*5瓶益力多,40,正常
42,600ml雪碧,40,正常
43,冰糖雪梨,39,正常
44,480ml小茗同学冷泡青柠红茶,36,正常
45,雀巢咖啡,34,正常
46,500ml农夫果园 (芒果+菠萝+番石榴),31,正常
47,雪力矿泉水,29,正常
48,150g健能酸奶原味,28,正常
49,250ml维他奶低糖原味,25,正常
50,百事可乐500ml,25,正常
51,250ml王老吉盒装,22,正常
52,180ml雀巢咖啡罐装,22,正常
53,阿萨姆煎茶奶绿,20,正常
54,美年达（罐）,19,正常
55,尖叫,19,正常
56,康师傅矿泉水,19,正常
57,优益C活菌型乳酸菌饮品,17,正常
58,250ml统一麦香奶茶,16,正常
59,椰树牌椰汁,16,正常
60,250ML东鹏特饮,16,正常
61,百事可乐330ml,15,正常
62,旺仔牛奶,15,正常
63,80g香飘飘椰果奶茶原味,14,正常
64,80g香飘飘椰果奶茶麦香味,13,正常
65,农夫果园,13,正常
66,可乐可乐,13,正常
67,燕塘红枣牛奶,11,正常
68,250ml维他奶黑豆奶饮品,11,正常
69,乐虎,11,正常
70,怡宝矿泉水,11,正常
71,维他原味豆奶,10,正常
72,250ml维他椰子植物蛋白饮料,8,正常
73,雪碧,8,正常
74,美汁源果粒橙,8,正常
75,205ml安慕希蓝莓味,7,正常
76,维他奶黑豆奶饮品,7,正常
77,480ml小茗同学冷泡溜溜哒茶,7,正常
78,统一阿萨姆奶茶,7,正常
79,燕塘甜牛奶,7,正常
80,益力多100g*5瓶,7,正常
81,燕塘原味酸奶,6,正常
82,冰红茶（罐）,6,正常
83,小茗同学,6,正常
84,500ml营养快线原味,6,正常
85,250ml维他椰子植物蛋白饮料9374,6,正常
86,脉动（青柠）,5,滞销
87,乐虎（380ml）,5,滞销
88,可口可乐330ml（罐）,5,滞销
89,天地一号,4,滞销
90,维他奶（巧克力味）,4,滞销
91,500ML宝矿力,4,滞销
92,500ml统一冰糖雪梨,4,滞销
93,经典奶茶,4,滞销
94,商品2,4,滞销
95,500ml康师傅冰糖雪梨,4,滞销
96,13g雀巢咖啡1+2特浓,4,滞销
97,加多宝,4,滞销
98,拿铁咖啡（统一）,3,滞销
99,珠江纯生啤酒,3,滞销
100,维他柠檬茶330ml（罐）,3,滞销
101,旺仔牛奶145ml,3,滞销
102,500ml恒大冰泉矿泉水,3,滞销
103,250ml香满楼纯牛奶,2,滞销
104,安慕希酸奶,2,滞销
105,商品1,2,滞销
106,健能酸奶,2,滞销
107,娃哈哈红枣酸奶,2,滞销
108,145ml旺仔牛奶罐装,2,滞销
109,小茗同学冷泡茶（乳酸菌味）,1,滞销
110,脉动（椰子菠萝口味）,1,滞销
111,芦荟汁,1,滞销
