﻿,商品,销量,标签,主要购买时间段,二级类
0,怡宝纯净水,531,热销,下午购买,水
1,东鹏特饮,448,热销,下午购买,功能饮料
2,阿萨姆奶茶,326,热销,下午购买,茶饮料
3,脉动,309,热销,下午购买,功能饮料
4,营养快线,255,热销,下午购买,乳制品
5,统一冰红茶,228,热销,下午购买,茶饮料
6,250ml维他柠檬茶,181,热销,晚上购买,茶饮料
7,250ml维他原味豆奶,176,热销,凌晨购买,植物蛋白
8,红牛,166,热销,下午购买,功能饮料
9,统一绿茶,151,热销,下午购买,茶饮料
10,果粒橙,145,热销,下午购买,果蔬饮料
11,伊利优酸乳,143,热销,下午购买,乳制品
12,145ml旺仔牛奶盒装,131,热销,早上购买,乳制品
13,250ml燕塘红枣牛奶,128,热销,下午购买,乳制品
14,250ml燕塘甜牛奶,126,热销,下午购买,乳制品
15,雪碧（500ml）,123,热销,下午购买,碳酸饮料
16,250ml燕塘原味酸奶,112,热销,下午购买,乳制品
17,王老吉（500ml）,108,热销,下午购买,茶饮料
18,银鹭八宝粥,103,热销,下午购买,方便速食
19,可口可乐（500ml）,101,热销,下午购买,碳酸饮料
20,268ml雀巢咖啡丝滑拿铁,91,热销,下午购买,咖啡
21,伊利纯牛奶,90,热销,下午购买,乳制品
22,雪碧最新款,78,热销,下午购买,碳酸饮料
23,330ml伊利畅意乳酸菌原味,74,热销,下午购买,乳制品
24,250ml红牛,71,热销,下午购买,功能饮料
25,250ml维他奶巧克力味,69,热销,下午购买,植物蛋白
26,450ml美汁源果粒橙,69,热销,下午购买,果蔬饮料
27,王老吉（罐）,68,热销,早上购买,茶饮料
28,雪碧330ml,67,正常,下午购买,碳酸饮料
29,500ml统一阿萨姆奶茶,65,正常,下午购买,茶饮料
30,维他奶,62,正常,下午购买,植物蛋白
31,维他柠檬茶,58,正常,晚上购买,茶饮料
32,怡宝,55,正常,晚上购买,水
33,可口可乐最新款,55,正常,下午购买,碳酸饮料
34,可口可乐330ml,54,正常,下午购买,碳酸饮料
35,205g伊利安慕希原味,53,正常,凌晨购买,乳制品
36,600ml脉动青柠,51,正常,下午购买,功能饮料
37,芬达330ml,47,正常,下午购买,碳酸饮料
38,500ml加多宝,44,正常,下午购买,茶饮料
39,600ml可口可乐,43,正常,晚上购买,碳酸饮料
40,茉莉蜜茶,42,正常,下午购买,茶饮料
41,100g*5瓶益力多,40,正常,下午购买,乳制品
42,600ml雪碧,40,正常,下午购买,碳酸饮料
43,冰糖雪梨,39,正常,下午购买,果蔬饮料
44,480ml小茗同学冷泡青柠红茶,36,正常,下午购买,茶饮料
45,雀巢咖啡,34,正常,下午购买,咖啡
46,500ml农夫果园 (芒果+菠萝+番石榴),31,正常,晚上购买,果蔬饮料
47,雪力矿泉水,29,正常,晚上购买,水
48,150g健能酸奶原味,28,正常,下午购买,乳制品
49,250ml维他奶低糖原味,25,正常,晚上购买,植物蛋白
50,百事可乐500ml,25,正常,下午购买,碳酸饮料
51,250ml王老吉盒装,22,正常,下午购买,茶饮料
52,180ml雀巢咖啡罐装,22,正常,下午购买,咖啡
53,阿萨姆煎茶奶绿,20,正常,下午购买,茶饮料
54,美年达（罐）,19,正常,早上购买,碳酸饮料
55,尖叫,19,正常,下午购买,功能饮料
56,康师傅矿泉水,19,正常,下午购买,水
57,优益C活菌型乳酸菌饮品,17,正常,早上购买,乳制品
58,250ml统一麦香奶茶,16,正常,下午购买,茶饮料
59,椰树牌椰汁,16,正常,下午购买,植物蛋白
60,250ML东鹏特饮,16,正常,早上购买,功能饮料
61,百事可乐330ml,15,正常,下午购买,碳酸饮料
62,旺仔牛奶,15,正常,下午购买,乳制品
63,80g香飘飘椰果奶茶原味,14,正常,下午购买,茶饮料
64,80g香飘飘椰果奶茶麦香味,13,正常,早上购买,茶饮料
65,农夫果园,13,正常,晚上购买,果蔬饮料
66,可乐可乐,13,正常,下午购买,碳酸饮料
67,燕塘红枣牛奶,11,正常,下午购买,乳制品
68,250ml维他奶黑豆奶饮品,11,正常,下午购买,植物蛋白
69,乐虎,11,正常,凌晨购买,功能饮料
70,怡宝矿泉水,11,正常,下午购买,水
71,维他原味豆奶,10,正常,晚上购买,植物蛋白
72,250ml维他椰子植物蛋白饮料,8,正常,下午购买,植物蛋白
73,雪碧,8,正常,下午购买,碳酸饮料
74,美汁源果粒橙,8,正常,早上购买,果蔬饮料
75,205ml安慕希蓝莓味,7,正常,下午购买,乳制品
76,维他奶黑豆奶饮品,7,正常,下午购买,植物蛋白
77,480ml小茗同学冷泡溜溜哒茶,7,正常,下午购买,茶饮料
78,统一阿萨姆奶茶,7,正常,下午购买,茶饮料
79,燕塘甜牛奶,7,正常,晚上购买,乳制品
80,益力多100g*5瓶,7,正常,晚上购买,乳制品
81,燕塘原味酸奶,6,正常,下午购买,乳制品
82,冰红茶（罐）,6,正常,下午购买,茶饮料
83,小茗同学,6,正常,下午购买,茶饮料
84,500ml营养快线原味,6,正常,下午购买,乳制品
85,250ml维他椰子植物蛋白饮料9374,6,正常,下午购买,植物蛋白
86,脉动（青柠）,5,滞销,下午购买,功能饮料
87,乐虎（380ml）,5,滞销,凌晨购买,功能饮料
88,可口可乐330ml（罐）,5,滞销,下午购买,碳酸饮料
89,天地一号,4,滞销,下午购买,果蔬饮料
90,维他奶（巧克力味）,4,滞销,下午购买,植物蛋白
91,500ML宝矿力,4,滞销,下午购买,功能饮料
92,500ml统一冰糖雪梨,4,滞销,晚上购买,果蔬饮料
93,经典奶茶,4,滞销,早上购买,茶饮料
94,商品2,4,滞销,下午购买,其他
95,500ml康师傅冰糖雪梨,4,滞销,下午购买,果蔬饮料
96,13g雀巢咖啡1+2特浓,4,滞销,下午购买,咖啡
97,加多宝,4,滞销,下午购买,茶饮料
98,拿铁咖啡（统一）,3,滞销,下午购买,咖啡
99,珠江纯生啤酒,3,滞销,凌晨购买,功能饮料
100,维他柠檬茶330ml（罐）,3,滞销,下午购买,茶饮料
101,旺仔牛奶145ml,3,滞销,下午购买,乳制品
102,500ml恒大冰泉矿泉水,3,滞销,下午购买,水
103,250ml香满楼纯牛奶,2,滞销,下午购买,乳制品
104,安慕希酸奶,2,滞销,下午购买,乳制品
105,商品1,2,滞销,下午购买,其他
106,健能酸奶,2,滞销,下午购买,乳制品
107,娃哈哈红枣酸奶,2,滞销,下午购买,乳制品
108,145ml旺仔牛奶罐装,2,滞销,早上购买,乳制品
109,小茗同学冷泡茶（乳酸菌味）,1,滞销,下午购买,茶饮料
110,脉动（椰子菠萝口味）,1,滞销,下午购买,功能饮料
111,芦荟汁,1,滞销,下午购买,果蔬饮料
