﻿,商品,销量,标签,主要购买时间段,二级类
0,怡宝纯净水,999,热销,下午购买,水
1,脉动,759,热销,晚上购买,功能饮料
2,东鹏特饮,525,热销,下午购买,功能饮料
3,阿萨姆奶茶,456,热销,下午购买,茶饮料
4,营养快线,435,热销,下午购买,乳制品
5,王老吉（罐）,402,热销,下午购买,茶饮料
6,统一冰红茶,394,热销,晚上购买,茶饮料
7,果粒橙,328,热销,晚上购买,果蔬饮料
8,芬达330ml,271,热销,下午购买,碳酸饮料
9,雪碧最新款,259,热销,下午购买,碳酸饮料
10,伊利优酸乳,258,热销,下午购买,乳制品
11,250ml维他柠檬茶,255,热销,下午购买,茶饮料
12,统一绿茶,246,热销,下午购买,茶饮料
13,王老吉（500ml）,238,热销,下午购买,茶饮料
14,红牛,231,热销,下午购买,功能饮料
15,可口可乐330ml,219,热销,下午购买,碳酸饮料
16,250ml维他原味豆奶,217,热销,下午购买,植物蛋白
17,怡宝,182,热销,下午购买,水
18,银鹭八宝粥,166,热销,凌晨购买,方便速食
19,250ml燕塘原味酸奶,134,热销,下午购买,乳制品
20,250ml燕塘甜牛奶,129,热销,下午购买,乳制品
21,250ml燕塘红枣牛奶,129,热销,下午购买,乳制品
22,145ml旺仔牛奶盒装,127,热销,早上购买,乳制品
23,伊利纯牛奶,127,热销,下午购买,乳制品
24,可口可乐最新款,125,热销,下午购买,碳酸饮料
25,250ml红牛,119,热销,下午购买,功能饮料
26,268ml雀巢咖啡丝滑拿铁,95,热销,下午购买,咖啡
27,雪碧（500ml）,82,热销,下午购买,碳酸饮料
28,500ml统一阿萨姆奶茶,80,热销,晚上购买,茶饮料
29,维他奶,79,正常,下午购买,植物蛋白
30,阿萨姆煎茶奶绿,76,正常,下午购买,茶饮料
31,维他柠檬茶,73,正常,下午购买,茶饮料
32,茉莉蜜茶,70,正常,晚上购买,茶饮料
33,雪碧330ml,70,正常,下午购买,碳酸饮料
34,600ml雪碧,69,正常,下午购买,碳酸饮料
35,330ml伊利畅意乳酸菌原味,66,正常,凌晨购买,乳制品
36,450ml美汁源果粒橙,61,正常,下午购买,果蔬饮料
37,可口可乐（500ml）,60,正常,下午购买,碳酸饮料
38,冰糖雪梨,59,正常,下午购买,果蔬饮料
39,600ml可口可乐,57,正常,晚上购买,碳酸饮料
40,250ml维他奶巧克力味,53,正常,下午购买,植物蛋白
41,500ml加多宝,52,正常,下午购买,茶饮料
42,205g伊利安慕希原味,51,正常,下午购买,乳制品
43,600ml脉动青柠,41,正常,下午购买,功能饮料
44,维他原味豆奶,39,正常,下午购买,植物蛋白
45,480ml小茗同学冷泡青柠红茶,37,正常,下午购买,茶饮料
46,150g健能酸奶原味,37,正常,下午购买,乳制品
47,100g*5瓶益力多,33,正常,下午购买,乳制品
48,500ml农夫果园 (芒果+菠萝+番石榴),33,正常,下午购买,果蔬饮料
49,乐虎,31,正常,早上购买,功能饮料
50,雀巢咖啡,30,正常,下午购买,咖啡
51,燕塘原味酸奶,29,正常,下午购买,乳制品
52,可乐可乐,29,正常,凌晨购买,碳酸饮料
53,美汁源果粒橙,26,正常,下午购买,果蔬饮料
54,250ml维他奶低糖原味,26,正常,下午购买,植物蛋白
55,500ml康师傅冰糖雪梨,24,正常,下午购买,果蔬饮料
56,康师傅矿泉水,24,正常,下午购买,水
57,椰树牌椰汁,24,正常,下午购买,植物蛋白
58,250ml统一麦香奶茶,23,正常,晚上购买,茶饮料
59,尖叫,22,正常,下午购买,功能饮料
60,250ml王老吉盒装,22,正常,凌晨购买,茶饮料
61,燕塘甜牛奶,21,正常,早上购买,乳制品
62,250ML东鹏特饮,20,正常,早上购买,功能饮料
63,180ml雀巢咖啡罐装,19,正常,晚上购买,咖啡
64,脉动（青柠）,18,正常,晚上购买,功能饮料
65,80g香飘飘椰果奶茶麦香味,17,正常,下午购买,茶饮料
66,80g香飘飘椰果奶茶原味,16,正常,下午购买,茶饮料
67,燕塘红枣牛奶,16,正常,下午购买,乳制品
68,旺仔牛奶145ml,16,正常,下午购买,乳制品
69,百事可乐500ml,15,正常,下午购买,碳酸饮料
70,维他柠檬茶330ml（罐）,13,正常,晚上购买,茶饮料
71,旺仔牛奶,12,正常,下午购买,乳制品
72,小茗同学,12,正常,下午购买,茶饮料
73,统一阿萨姆奶茶,12,正常,下午购买,茶饮料
74,145ml旺仔牛奶罐装,11,正常,下午购买,乳制品
75,250ml维他椰子味豆奶7716,11,正常,下午购买,植物蛋白
76,250ml维他椰子植物蛋白饮料,11,正常,晚上购买,植物蛋白
77,加多宝,10,正常,下午购买,茶饮料
78,维他奶（巧克力味）,10,正常,下午购买,植物蛋白
79,冰红茶（罐）,10,正常,下午购买,茶饮料
80,雪碧,8,正常,下午购买,碳酸饮料
81,480ml小茗同学冷泡溜溜哒茶,8,正常,下午购买,茶饮料
82,农夫果园,7,正常,下午购买,果蔬饮料
83,怡宝矿泉水,7,正常,下午购买,水
84,美年达（罐）,7,正常,下午购买,碳酸饮料
85,乐虎（380ml）,6,滞销,下午购买,功能饮料
86,13g雀巢咖啡1+2特浓,5,滞销,下午购买,咖啡
87,500ml营养快线原味,5,滞销,下午购买,乳制品
88,205ml安慕希蓝莓味,5,滞销,下午购买,乳制品
89,珠江纯生啤酒,5,滞销,早上购买,功能饮料
90,小茗同学冷泡茶（乳酸菌味）,5,滞销,下午购买,茶饮料
91,安慕希酸奶,4,滞销,下午购买,乳制品
92,益力多100g*5瓶,4,滞销,下午购买,乳制品
93,500ml统一冰糖雪梨,4,滞销,晚上购买,果蔬饮料
94,500ML宝矿力,4,滞销,下午购买,功能饮料
95,250ml香满楼纯牛奶,4,滞销,下午购买,乳制品
96,250ml维他奶黑豆奶饮品,3,滞销,晚上购买,植物蛋白
97,天地一号,3,滞销,晚上购买,果蔬饮料
98,小茗同学（青柠红茶）,3,滞销,下午购买,茶饮料
99,商品2,3,滞销,早上购买,其他
100,可口可乐330ml（罐）,3,滞销,晚上购买,碳酸饮料
101,娃哈哈红枣酸奶,2,滞销,早上购买,乳制品
102,优益C活菌型乳酸菌饮品,2,滞销,下午购买,乳制品
103,百事可乐330ml,2,滞销,下午购买,碳酸饮料
104,脉动（椰子菠萝口味）,2,滞销,下午购买,功能饮料
105,维他奶黑豆奶饮品,2,滞销,下午购买,植物蛋白
106,雪力矿泉水,2,滞销,下午购买,水
107,拿铁咖啡（统一）,2,滞销,下午购买,咖啡
108,330ml伊利畅意乳酸菌草莓味,2,滞销,晚上购买,乳制品
109,健能酸奶,2,滞销,早上购买,乳制品
110,500ml恒大冰泉矿泉水,2,滞销,下午购买,水
111,芦荟汁,1,滞销,下午购买,果蔬饮料
112,商品14,1,滞销,下午购买,其他
113,250ml维他椰子植物蛋白饮料9374,1,滞销,下午购买,植物蛋白
