﻿,商品,销量,标签,主要购买时间段,二级类
0,东鹏特饮,411,热销,下午购买,功能饮料
1,怡宝纯净水,387,热销,下午购买,水
2,阿萨姆奶茶,365,热销,下午购买,茶饮料
3,营养快线,319,热销,下午购买,乳制品
4,统一冰红茶,309,热销,下午购买,茶饮料
5,脉动,283,热销,下午购买,功能饮料
6,统一绿茶,188,热销,下午购买,茶饮料
7,红牛,180,热销,下午购买,功能饮料
8,雪碧最新款,178,热销,下午购买,碳酸饮料
9,王老吉（罐）,177,热销,下午购买,茶饮料
10,可口可乐（500ml）,176,热销,下午购买,碳酸饮料
11,果粒橙,168,热销,早上购买,果蔬饮料
12,可口可乐最新款,144,热销,晚上购买,碳酸饮料
13,雪碧（500ml）,132,热销,凌晨购买,碳酸饮料
14,250ml维他柠檬茶,109,热销,下午购买,茶饮料
15,伊利优酸乳,102,热销,早上购买,乳制品
16,250ml维他原味豆奶,96,热销,下午购买,植物蛋白
17,王老吉（500ml）,87,热销,下午购买,茶饮料
18,银鹭八宝粥,83,热销,下午购买,方便速食
19,美年达（罐）,83,热销,下午购买,碳酸饮料
20,伊利纯牛奶,81,热销,凌晨购买,乳制品
21,145ml旺仔牛奶盒装,81,热销,早上购买,乳制品
22,250ml燕塘甜牛奶,77,热销,下午购买,乳制品
23,250ml燕塘原味酸奶,72,热销,下午购买,乳制品
24,250ml红牛,68,热销,下午购买,功能饮料
25,维他柠檬茶,65,热销,早上购买,茶饮料
26,250ml燕塘红枣牛奶,64,正常,下午购买,乳制品
27,600ml可口可乐,63,正常,下午购买,碳酸饮料
28,维他奶,56,正常,早上购买,植物蛋白
29,可口可乐330ml,54,正常,晚上购买,碳酸饮料
30,268ml雀巢咖啡丝滑拿铁,53,正常,晚上购买,咖啡
31,330ml伊利畅意乳酸菌原味,44,正常,早上购买,乳制品
32,500ml统一阿萨姆奶茶,35,正常,晚上购买,茶饮料
33,600ml脉动青柠,35,正常,下午购买,功能饮料
34,480ml小茗同学冷泡青柠红茶,35,正常,下午购买,茶饮料
35,205g伊利安慕希原味,33,正常,下午购买,乳制品
36,百事可乐330ml,32,正常,下午购买,碳酸饮料
37,茉莉蜜茶,31,正常,下午购买,茶饮料
38,150g健能酸奶原味,31,正常,下午购买,乳制品
39,250ml维他奶巧克力味,29,正常,早上购买,植物蛋白
40,180ml雀巢咖啡罐装,28,正常,早上购买,咖啡
41,250ML东鹏特饮,25,正常,下午购买,功能饮料
42,450ml美汁源果粒橙,25,正常,下午购买,果蔬饮料
43,100g*5瓶益力多,25,正常,早上购买,乳制品
44,雀巢咖啡,24,正常,下午购买,咖啡
45,500ml加多宝,23,正常,下午购买,茶饮料
46,600ml雪碧,19,正常,晚上购买,碳酸饮料
47,雪碧330ml,19,正常,早上购买,碳酸饮料
48,维他原味豆奶,18,正常,晚上购买,植物蛋白
49,80g香飘飘椰果奶茶麦香味,18,正常,晚上购买,茶饮料
50,可乐可乐,18,正常,早上购买,碳酸饮料
51,冰糖雪梨,16,正常,晚上购买,果蔬饮料
52,乐虎（380ml）,15,正常,下午购买,功能饮料
53,怡宝,14,正常,晚上购买,水
54,阿萨姆煎茶奶绿,14,正常,下午购买,茶饮料
55,250ml王老吉盒装,12,正常,下午购买,茶饮料
56,500ml农夫果园 (芒果+菠萝+番石榴),11,正常,下午购买,果蔬饮料
57,康师傅矿泉水,10,正常,下午购买,水
58,80g香飘飘椰果奶茶原味,10,正常,下午购买,茶饮料
59,250ml维他奶低糖原味,9,正常,晚上购买,植物蛋白
60,芬达330ml,9,正常,下午购买,碳酸饮料
61,健能酸奶,8,正常,下午购买,乳制品
62,美汁源果粒橙,8,正常,晚上购买,果蔬饮料
63,雪力矿泉水,7,正常,凌晨购买,水
64,加多宝,7,正常,凌晨购买,茶饮料
65,椰树牌椰汁,7,正常,下午购买,植物蛋白
66,480ml小茗同学冷泡溜溜哒茶,7,正常,凌晨购买,茶饮料
67,燕塘原味酸奶,6,正常,下午购买,乳制品
68,尖叫,6,正常,下午购买,功能饮料
69,百事可乐500ml,5,正常,凌晨购买,碳酸饮料
70,燕塘红枣牛奶,5,正常,下午购买,乳制品
71,益力多100g*5瓶,5,正常,早上购买,乳制品
72,安慕希酸奶,4,正常,早上购买,乳制品
73,怡宝矿泉水,4,正常,下午购买,水
74,250ml维他奶黑豆奶饮品,3,正常,下午购买,植物蛋白
75,500ml营养快线原味,3,正常,下午购买,乳制品
76,500ml康师傅冰糖雪梨,3,正常,下午购买,果蔬饮料
77,雪碧,3,正常,早上购买,碳酸饮料
78,统一阿萨姆奶茶,3,正常,下午购买,茶饮料
79,维他奶（巧克力味）,2,滞销,晚上购买,植物蛋白
80,乐虎,2,滞销,下午购买,功能饮料
81,农夫果园,2,滞销,下午购买,果蔬饮料
82,商品2,2,滞销,晚上购买,其他
83,旺仔牛奶,2,滞销,下午购买,乳制品
84,冰红茶（罐）,2,滞销,下午购买,茶饮料
85,燕塘甜牛奶,2,滞销,下午购买,乳制品
86,250ml统一麦香奶茶,2,滞销,下午购买,茶饮料
87,500ml统一冰糖雪梨,2,滞销,下午购买,果蔬饮料
88,250ml维他椰子味豆奶7716,2,滞销,早上购买,植物蛋白
89,可口可乐330ml（罐）,2,滞销,下午购买,碳酸饮料
90,250ml维他椰子植物蛋白饮料,2,滞销,晚上购买,植物蛋白
91,可乐（500ml）,2,滞销,下午购买,碳酸饮料
92,205ml安慕希蓝莓味,2,滞销,早上购买,乳制品
93,脉动（椰子菠萝口味）,1,滞销,下午购买,功能饮料
94,商品1,1,滞销,早上购买,其他
95,小茗同学冷泡茶（乳酸菌味）,1,滞销,下午购买,茶饮料
96,250ml维他椰子植物蛋白饮料9374,1,滞销,下午购买,植物蛋白
97,脉动（青柠）,1,滞销,下午购买,功能饮料
98,145ml旺仔牛奶罐装,1,滞销,下午购买,乳制品
99,500ML宝矿力,1,滞销,下午购买,功能饮料
100,旺仔牛奶145ml,1,滞销,晚上购买,乳制品
101,250ml香满楼纯牛奶,1,滞销,晚上购买,乳制品
102,500ml恒大冰泉矿泉水,1,滞销,晚上购买,水
103,芦荟汁,1,滞销,下午购买,果蔬饮料
104,经典奶茶,1,滞销,下午购买,茶饮料
