﻿,商品,销量,标签,主要购买时间段,二级类
0,怡宝纯净水,1705,热销,下午购买,水
1,脉动,996,热销,早上购买,功能饮料
2,营养快线,805,热销,下午购买,乳制品
3,阿萨姆奶茶,792,热销,下午购买,茶饮料
4,东鹏特饮,709,热销,下午购买,功能饮料
5,统一冰红茶,626,热销,下午购买,茶饮料
6,统一绿茶,490,热销,下午购买,茶饮料
7,果粒橙,470,热销,早上购买,果蔬饮料
8,王老吉（500ml）,417,热销,下午购买,茶饮料
9,王老吉（罐）,410,热销,下午购买,茶饮料
10,250ml维他柠檬茶,397,热销,下午购买,茶饮料
11,250ml维他原味豆奶,391,热销,下午购买,植物蛋白
12,芬达330ml,382,热销,下午购买,碳酸饮料
13,伊利优酸乳,375,热销,下午购买,乳制品
14,雪碧最新款,309,热销,下午购买,碳酸饮料
15,红牛,289,热销,下午购买,功能饮料
16,250ml燕塘原味酸奶,249,热销,下午购买,乳制品
17,可口可乐330ml,244,热销,下午购买,碳酸饮料
18,伊利纯牛奶,241,热销,晚上购买,乳制品
19,250ml燕塘甜牛奶,232,热销,下午购买,乳制品
20,145ml旺仔牛奶盒装,228,热销,晚上购买,乳制品
21,银鹭八宝粥,220,热销,早上购买,方便速食
22,250ml燕塘红枣牛奶,206,热销,下午购买,乳制品
23,可口可乐（500ml）,202,热销,下午购买,碳酸饮料
24,268ml雀巢咖啡丝滑拿铁,197,热销,下午购买,咖啡
25,雪碧330ml,173,热销,下午购买,碳酸饮料
26,雪碧（500ml）,172,热销,早上购买,碳酸饮料
27,250ml红牛,172,热销,下午购买,功能饮料
28,维他柠檬茶,169,正常,晚上购买,茶饮料
29,500ml统一阿萨姆奶茶,158,正常,下午购买,茶饮料
30,330ml伊利畅意乳酸菌原味,149,正常,早上购买,乳制品
31,600ml可口可乐,145,正常,下午购买,碳酸饮料
32,冰糖雪梨,143,正常,下午购买,果蔬饮料
33,600ml雪碧,143,正常,下午购买,碳酸饮料
34,可口可乐最新款,142,正常,早上购买,碳酸饮料
35,450ml美汁源果粒橙,140,正常,凌晨购买,果蔬饮料
36,250ml维他奶巧克力味,138,正常,下午购买,植物蛋白
37,美年达（罐）,133,正常,下午购买,碳酸饮料
38,维他奶,132,正常,下午购买,植物蛋白
39,600ml脉动青柠,127,正常,下午购买,功能饮料
40,500ml加多宝,116,正常,下午购买,茶饮料
41,雀巢咖啡,97,正常,下午购买,咖啡
42,维他原味豆奶,93,正常,下午购买,植物蛋白
43,205g伊利安慕希原味,89,正常,下午购买,乳制品
44,茉莉蜜茶,83,正常,下午购买,茶饮料
45,480ml小茗同学冷泡青柠红茶,77,正常,下午购买,茶饮料
46,可乐可乐,71,正常,下午购买,碳酸饮料
47,尖叫,67,正常,下午购买,功能饮料
48,100g*5瓶益力多,64,正常,下午购买,乳制品
49,500ml农夫果园 (芒果+菠萝+番石榴),63,正常,下午购买,果蔬饮料
50,150g健能酸奶原味,61,正常,下午购买,乳制品
51,250ml维他奶低糖原味,57,正常,下午购买,植物蛋白
52,康师傅矿泉水,54,正常,早上购买,水
53,椰树牌椰汁,54,正常,下午购买,植物蛋白
54,250ML东鹏特饮,49,正常,下午购买,功能饮料
55,燕塘红枣牛奶,47,正常,下午购买,乳制品
56,旺仔牛奶,47,正常,下午购买,乳制品
57,乐虎,47,正常,下午购买,功能饮料
58,加多宝,46,正常,下午购买,茶饮料
59,芦荟汁,44,正常,晚上购买,果蔬饮料
60,250ml统一麦香奶茶,44,正常,下午购买,茶饮料
61,脉动（青柠）,44,正常,早上购买,功能饮料
62,维他奶（巧克力味）,41,正常,早上购买,植物蛋白
63,燕塘甜牛奶,39,正常,下午购买,乳制品
64,统一阿萨姆奶茶,38,正常,早上购买,茶饮料
65,雪碧,38,正常,下午购买,碳酸饮料
66,怡宝,37,正常,下午购买,水
67,雪力矿泉水,35,正常,下午购买,水
68,益力多100g*5瓶,34,正常,下午购买,乳制品
69,旺仔牛奶145ml,29,正常,下午购买,乳制品
70,农夫果园,29,正常,下午购买,果蔬饮料
71,燕塘原味酸奶,29,正常,下午购买,乳制品
72,优益C活菌型乳酸菌饮品,28,正常,下午购买,乳制品
73,美汁源果粒橙,27,正常,下午购买,果蔬饮料
74,健能酸奶,27,正常,下午购买,乳制品
75,180ml雀巢咖啡罐装,24,正常,下午购买,咖啡
76,500ml康师傅冰糖雪梨,23,正常,下午购买,果蔬饮料
77,145ml旺仔牛奶罐装,21,正常,下午购买,乳制品
78,80g香飘飘椰果奶茶原味,20,正常,下午购买,茶饮料
79,250ml王老吉盒装,20,正常,下午购买,茶饮料
80,怡宝矿泉水,19,正常,晚上购买,水
81,480ml小茗同学冷泡溜溜哒茶,16,正常,早上购买,茶饮料
82,百事可乐500ml,14,正常,下午购买,碳酸饮料
83,250ml维他椰子植物蛋白饮料,12,正常,下午购买,植物蛋白
84,80g香飘飘椰果奶茶麦香味,11,正常,下午购买,茶饮料
85,阿萨姆煎茶奶绿,11,正常,早上购买,茶饮料
86,205ml安慕希蓝莓味,10,滞销,下午购买,乳制品
87,500ml营养快线原味,10,滞销,下午购买,乳制品
88,小茗同学,10,滞销,下午购买,茶饮料
89,脉动（椰子菠萝口味）,9,滞销,下午购买,功能饮料
90,500ml恒大冰泉矿泉水,9,滞销,下午购买,水
91,拿铁咖啡（统一）,8,滞销,下午购买,咖啡
92,500ML宝矿力,7,滞销,下午购买,功能饮料
93,250ml维他奶黑豆奶饮品,5,滞销,下午购买,植物蛋白
94,安慕希酸奶,5,滞销,下午购买,乳制品
95,13g雀巢咖啡1+2特浓,4,滞销,下午购买,咖啡
96,250ml维他椰子味豆奶7716,3,滞销,下午购买,植物蛋白
97,可口可乐330ml（罐）,3,滞销,下午购买,碳酸饮料
98,500ml统一冰糖雪梨,3,滞销,晚上购买,果蔬饮料
99,商品1,3,滞销,晚上购买,其他
100,330ml伊利畅意乳酸菌草莓味,3,滞销,晚上购买,乳制品
101,340ml蒙牛优益C乳酸菌,2,滞销,下午购买,乳制品
102,维他柠檬茶330ml（罐）,2,滞销,下午购买,茶饮料
103,250ml维他椰子植物蛋白饮料9374,2,滞销,下午购买,植物蛋白
104,冰红茶（罐）,2,滞销,下午购买,茶饮料
105,乐虎（380ml）,2,滞销,下午购买,功能饮料
106,百事可乐330ml,2,滞销,下午购买,碳酸饮料
107,经典奶茶,2,滞销,下午购买,茶饮料
108,小茗同学冷泡茶（乳酸菌味）,1,滞销,下午购买,茶饮料
109,维他奶黑豆奶饮品,1,滞销,下午购买,植物蛋白
110,小茗同学（青柠红茶）,1,滞销,下午购买,茶饮料
111,商品2,1,滞销,下午购买,其他
112,珠江纯生啤酒,1,滞销,下午购买,功能饮料
