﻿,商品,销量,标签,主要购买时间段,二级类
0,怡宝纯净水,1342,热销,下午购买,水
1,东鹏特饮,488,热销,凌晨购买,功能饮料
2,阿萨姆奶茶,457,热销,下午购买,茶饮料
3,脉动,431,热销,晚上购买,功能饮料
4,营养快线,425,热销,下午购买,乳制品
5,统一冰红茶,334,热销,下午购买,茶饮料
6,王老吉（500ml）,310,热销,下午购买,茶饮料
7,果粒橙,245,热销,下午购买,果蔬饮料
8,250ml维他柠檬茶,236,热销,下午购买,茶饮料
9,250ml维他原味豆奶,229,热销,下午购买,植物蛋白
10,可口可乐330ml,212,热销,下午购买,碳酸饮料
11,统一绿茶,209,热销,下午购买,茶饮料
12,王老吉（罐）,201,热销,晚上购买,茶饮料
13,芬达330ml,198,热销,下午购买,碳酸饮料
14,红牛,198,热销,下午购买,功能饮料
15,伊利优酸乳,179,热销,下午购买,乳制品
16,伊利纯牛奶,175,热销,下午购买,乳制品
17,145ml旺仔牛奶盒装,172,热销,下午购买,乳制品
18,雪碧最新款,139,热销,晚上购买,碳酸饮料
19,雪碧（500ml）,137,热销,下午购买,碳酸饮料
20,250ml燕塘甜牛奶,131,热销,晚上购买,乳制品
21,250ml燕塘原味酸奶,130,热销,下午购买,乳制品
22,银鹭八宝粥,120,热销,早上购买,方便速食
23,可口可乐最新款,116,热销,下午购买,碳酸饮料
24,250ml燕塘红枣牛奶,114,热销,下午购买,乳制品
25,雪碧330ml,103,热销,凌晨购买,碳酸饮料
26,百事可乐500ml,102,热销,下午购买,碳酸饮料
27,250ml红牛,99,热销,晚上购买,功能饮料
28,250ml维他奶巧克力味,95,热销,下午购买,植物蛋白
29,268ml雀巢咖啡丝滑拿铁,94,正常,下午购买,咖啡
30,330ml伊利畅意乳酸菌原味,93,正常,晚上购买,乳制品
31,维他奶,93,正常,下午购买,植物蛋白
32,450ml美汁源果粒橙,87,正常,下午购买,果蔬饮料
33,600ml可口可乐,87,正常,下午购买,碳酸饮料
34,维他柠檬茶,79,正常,晚上购买,茶饮料
35,500ml统一阿萨姆奶茶,78,正常,早上购买,茶饮料
36,205g伊利安慕希原味,66,正常,下午购买,乳制品
37,冰糖雪梨,59,正常,下午购买,果蔬饮料
38,可口可乐（500ml）,57,正常,下午购买,碳酸饮料
39,600ml雪碧,51,正常,下午购买,碳酸饮料
40,100g*5瓶益力多,42,正常,下午购买,乳制品
41,500ml加多宝,40,正常,下午购买,茶饮料
42,480ml小茗同学冷泡青柠红茶,39,正常,早上购买,茶饮料
43,600ml脉动青柠,38,正常,下午购买,功能饮料
44,怡宝,38,正常,晚上购买,水
45,150g健能酸奶原味,35,正常,下午购买,乳制品
46,茉莉蜜茶,35,正常,下午购买,茶饮料
47,雀巢咖啡,33,正常,下午购买,咖啡
48,250ML东鹏特饮,27,正常,下午购买,功能饮料
49,500ml农夫果园 (芒果+菠萝+番石榴),25,正常,早上购买,果蔬饮料
50,180ml雀巢咖啡罐装,22,正常,晚上购买,咖啡
51,美年达（罐）,22,正常,下午购买,碳酸饮料
52,250ml王老吉盒装,21,正常,下午购买,茶饮料
53,阿萨姆煎茶奶绿,19,正常,早上购买,茶饮料
54,250ml维他奶低糖原味,18,正常,晚上购买,植物蛋白
55,康师傅矿泉水,17,正常,下午购买,水
56,椰树牌椰汁,17,正常,下午购买,植物蛋白
57,80g香飘飘椰果奶茶原味,17,正常,下午购买,茶饮料
58,维他原味豆奶,17,正常,下午购买,植物蛋白
59,可乐可乐,15,正常,早上购买,碳酸饮料
60,尖叫,15,正常,下午购买,功能饮料
61,500ml营养快线原味,14,正常,早上购买,乳制品
62,250ml统一麦香奶茶,14,正常,早上购买,茶饮料
63,80g香飘飘椰果奶茶麦香味,13,正常,晚上购买,茶饮料
64,美汁源果粒橙,13,正常,下午购买,果蔬饮料
65,500ml康师傅冰糖雪梨,13,正常,凌晨购买,果蔬饮料
66,经典奶茶,12,正常,早上购买,茶饮料
67,乐虎（380ml）,12,正常,早上购买,功能饮料
68,250ml维他奶黑豆奶饮品,12,正常,下午购买,植物蛋白
69,燕塘甜牛奶,11,正常,晚上购买,乳制品
70,安慕希酸奶,11,正常,晚上购买,乳制品
71,脉动（青柠）,9,正常,下午购买,功能饮料
72,燕塘红枣牛奶,9,正常,下午购买,乳制品
73,健能酸奶,8,正常,下午购买,乳制品
74,天地一号,8,正常,下午购买,果蔬饮料
75,益力多100g*5瓶,8,正常,晚上购买,乳制品
76,乐虎,8,正常,下午购买,功能饮料
77,500ML宝矿力,7,正常,下午购买,功能饮料
78,雪力矿泉水,7,正常,晚上购买,水
79,冰红茶（罐）,6,正常,下午购买,茶饮料
80,可口可乐330ml（罐）,6,正常,下午购买,碳酸饮料
81,统一阿萨姆奶茶,6,正常,下午购买,茶饮料
82,加多宝,6,正常,下午购买,茶饮料
83,旺仔牛奶,6,正常,晚上购买,乳制品
84,250ml维他椰子植物蛋白饮料,6,正常,下午购买,植物蛋白
85,芦荟汁,5,正常,下午购买,果蔬饮料
86,优益C活菌型乳酸菌饮品,5,正常,早上购买,乳制品
87,340ml蒙牛优益C乳酸菌,5,正常,下午购买,乳制品
88,205ml安慕希蓝莓味,5,正常,早上购买,乳制品
89,旺仔牛奶145ml,4,滞销,下午购买,乳制品
90,480ml小茗同学冷泡溜溜哒茶,4,滞销,下午购买,茶饮料
91,燕塘原味酸奶,4,滞销,下午购买,乳制品
92,农夫果园,4,滞销,晚上购买,果蔬饮料
93,维他奶（巧克力味）,4,滞销,下午购买,植物蛋白
94,珠江纯生啤酒,4,滞销,凌晨购买,功能饮料
95,百事可乐330ml,4,滞销,下午购买,碳酸饮料
96,13g雀巢咖啡1+2特浓,3,滞销,下午购买,咖啡
97,雪碧,3,滞销,下午购买,碳酸饮料
98,怡宝矿泉水,3,滞销,下午购买,水
99,145ml旺仔牛奶罐装,3,滞销,下午购买,乳制品
100,维他柠檬茶330ml（罐）,3,滞销,早上购买,茶饮料
101,250ml香满楼纯牛奶,2,滞销,凌晨购买,乳制品
102,小茗同学,2,滞销,下午购买,茶饮料
103,330ml伊利畅意乳酸菌草莓味,2,滞销,晚上购买,乳制品
104,商品2,2,滞销,下午购买,其他
105,500ml统一冰糖雪梨,2,滞销,下午购买,果蔬饮料
106,小茗同学（青柠红茶）,2,滞销,下午购买,茶饮料
107,商品1,2,滞销,下午购买,其他
108,娃哈哈红枣酸奶,1,滞销,下午购买,乳制品
109,500ml恒大冰泉矿泉水,1,滞销,下午购买,水
110,小茗同学冷泡茶（乳酸菌味）,1,滞销,下午购买,茶饮料
111,脉动（椰子菠萝口味）,1,滞销,晚上购买,功能饮料
112,拿铁咖啡（统一）,1,滞销,下午购买,咖啡
113,250ml维他椰子植物蛋白饮料9374,1,滞销,下午购买,植物蛋白
114,商品14,1,滞销,下午购买,其他
